{
    "accuracy": 0.2791878283023834,
    "loss": 1.9446063041687012
}