{
    "accuracy": 0.24923858046531677,
    "loss": 1.9669097661972046
}